category,statType,norm_col_name,in_nflVerse_bool
fumbles,FUM,fumbles_total,FALSE
fumbles,LOST,fumbles_lost_total,FALSE
fumbles,REC,def_fumbles,FALSE
kicking,FGA,fg_att,FALSE
kicking,FGM,fg_made,FALSE
kicking,LONG,fg_long,FALSE
kicking,PCT,fg_pct,FALSE
kicking,PTS,fg_points,FALSE
kicking,XPA,pat_attempts,FALSE
kicking,XPM,pat_made,FALSE
passing,ATT,attempts,TRUE
passing,COMPLETIONS,completions,TRUE
passing,INT,passing_interceptions,TRUE
passing,PCT,completion_pct,FALSE
passing,TD,passing_tds,TRUE
passing,YDS,passing_yards,TRUE
passing,YPA,yards_per_attempt,FALSE
receiving,LONG,rec_long,FALSE
receiving,REC,receptions,TRUE
receiving,TD,receiving_tds,TRUE
receiving,YDS,receiving_yards,TRUE
receiving,YPR,yards_per_rec,FALSE
rushing,CAR,carries,TRUE
rushing,LONG,rushing_long,FALSE
rushing,TD,rushing_tds,TRUE
rushing,YDS,rushing_yards,TRUE
rushing,YPC,yards_per_carry,FALSE

